recipe_id,PRR (Hz),PW (us),pos. Delay (us),pos. PW (us),pos. Setpoint (V),rate_A_s,repeat_count
AL120-0000,4387.16180405,16.60070659,23.72440674,9.91091424,81.49458928,1.3113355780022449,1
AL120-0001,907.97829067,81.40646001,35.22240072,29.30370883,1.70592324,1.2979337924905576,1
AL120-0002,3938.46555799,89.10817224,5.45208236,6.19712275,18.34796332,1.3625126331337947,1
AL120-0003,1043.67624456,93.64797232,5.44762927,37.33204253,74.00029348,1.3231164125018873,1
AL120-0004,617.441779,15.10674851,33.18812601,39.62782733,83.84545734,0.7834599910594546,1
AL120-0005,1418.54740912,8.90132028,4.43230087,15.29579878,11.79870721,0.6165916127216438,1
AL120-0006,1451.29997237,77.95322942,24.11475423,3.35104384,98.28942083,1.3588153202046844,1
AL120-0007,4556.67396635,70.47935356,24.97984415,37.66117465,74.62251727,1.3975537292124849,1
AL120-0008,3722.74860041,51.55287459,2.19015842,38.66051458,0.37075188,1.4239519012024713,1
AL120-0009,2990.26570795,10.56031904,38.96514633,6.56413995,5.58841573,0.974289129165857,1
AL120-0010,4685.81243977,96.73077893,36.24485886,26.07569195,10.55085231,1.207523770152957,1
AL120-0011,1637.21126365,69.42278007,39.60694275,29.18953348,95.05492859,1.4673476222371078,1
AL120-0012,575.56784851,57.59202975,3.11168667,2.53368005,49.0732614,1.1731683617283142,1
AL120-0013,3879.92656417,19.2667114,1.73722043,34.73659173,79.3165585,1.1113506658211805,1
AL120-0014,618.1383403,12.71393204,21.91274442,3.97181753,93.00430594,0.6068979846249746,1
AL120-0015,4728.81747875,44.98715629,15.25270379,6.48166202,5.56047289,1.196933346551664,1
AL120-0016,1523.98137003,40.40558571,32.37297866,2.61225082,22.59260109,1.4103729932000175,1
AL120-0017,626.526115,38.30894217,3.00275553,10.49192116,83.5522308,1.0323682737902404,1
AL120-0018,3343.13263744,98.86972939,39.9444419,27.9750796,93.70539878,1.1623557500994839,1
AL120-0019,4964.29332718,23.3457343,35.74440689,38.45924608,3.71232051,1.4425878673141836,1
AL120-0020,3529.01938651,56.89987611,28.57449233,4.24098104,88.03815302,1.1976628967779421,1
AL120-0021,553.32583562,78.24528646,2.08487422,39.69369713,64.3069502,1.2054474172914242,1
AL120-0022,2776.49134863,39.01408466,24.26441709,39.30262979,88.72071924,1.2961780704265642,1
AL120-0023,4916.23423947,97.11912773,4.02408793,34.74590145,51.51633257,1.1279080992373791,1
AL120-0024,768.00318994,97.24833207,3.0588993,17.04230446,20.74306803,1.3528367425704373,1
AL120-0025,2172.78308794,5.75839509,29.11709045,32.51088668,99.54055641,0.5176117526008904,1
AL120-0026,2342.52045769,93.80793027,5.332779,37.89055441,25.48564803,1.2918325130180435,1
AL120-0027,761.28615905,43.8901757,38.31621737,39.99028374,47.93314338,1.3848365513286192,1
AL120-0028,4826.16320485,45.65678482,32.97438888,16.55589946,98.47146757,1.1445177300333063,1
AL120-0029,4984.83734252,6.92797923,8.35533918,29.77725331,15.8518726,0.772717252325736,1
AL120-0030,3739.88587921,25.42087127,15.75373063,2.8638934,3.30633866,1.3503871787957018,1
AL120-0031,1281.21407051,72.37417522,11.46815861,3.14613417,2.30615009,1.1430993999478227,1
AL120-0032,3650.32862592,80.52253524,38.97160577,0.67156211,61.98857324,1.3146800690120783,1
AL120-0033,887.62365188,24.51617463,2.44083709,16.21330757,93.58193325,1.12801699169724,1
AL120-0034,553.62058105,95.57433678,28.37900679,4.73576184,96.49042292,1.0075019401569383,1
AL120-0035,1487.14637989,56.05627181,33.09127598,35.52040935,5.27614336,1.3896715776549993,1
AL120-0036,4523.54967827,68.29091203,5.70896585,15.50490379,28.86891384,1.237580764749498,1
AL120-0037,1233.53954451,27.18694971,39.125504,9.13128275,28.8743942,1.2893875298878072,1
AL120-0038,4034.05547654,33.03472019,1.58742641,12.68983044,8.00012909,1.096590977898877,1
AL120-0039,1360.78345636,46.88246536,9.7936036,38.0005927,11.77851642,1.1940725600408801,1
AL120-0040,4108.41722786,61.29989856,39.97348516,7.11379278,46.84829582,1.1936252809371395,1
AL120-0041,1271.66202851,66.00323472,5.15968684,33.97353116,66.51829267,1.234399211156502,1
AL120-0042,4312.15088861,85.00864599,25.56380975,38.90543219,44.27234214,1.2423619479690948,1
AL120-0043,4385.66028001,33.71219554,35.06264073,11.21361829,2.92404275,1.3691652669817598,1
AL120-0044,4960.38429253,78.70217805,13.79419508,2.4694458,73.12341779,1.129434509424844,1
AL120-0045,4153.69245084,99.77168771,24.1456985,1.06021915,14.42763573,1.3176948235028774,1
AL120-0046,1536.41291847,94.32954737,35.19407802,1.91639788,1.92957819,1.3403693931398428,1
AL120-0047,4316.44092268,47.01955244,9.27367318,3.10637076,93.83952397,1.2540517333905774,1
AL120-0048,2319.43353219,17.36895545,1.69751,0.91475938,2.78593805,1.0840265965671882,1
AL120-0049,4032.13235363,79.3449268,2.33430037,35.66860303,42.49039972,1.0900270547625723,1
AL120-0050,2734.2317584,26.6321093,37.54086632,9.80155107,98.42808899,1.4177891032641683,1
AL120-0051,4920.92857463,92.93321988,34.25432116,2.88178667,63.27913804,1.070388127156687,1
AL120-0052,699.94742515,23.44352777,6.46164584,35.62778086,9.74422672,1.135186636161341,1
AL120-0053,4425.29972084,51.80367385,36.23026202,11.42280359,2.15437254,1.0840265965671882,1
AL120-0054,1855.65266665,97.90078934,19.39725065,2.00800251,23.30506649,1.2548149208849442,1
AL120-0055,1258.44121491,71.96299372,15.76708666,34.29681177,94.64654377,1.2651411246661386,1
AL120-0056,1143.3713343,7.30050559,13.74501765,35.35274798,83.26900736,0.41707429413661473,1
AL120-0057,656.73485864,48.18049605,31.8720463,14.67455022,95.98348588,1.1756104105178526,1
AL120-0058,4886.89899072,56.64919479,7.60597944,3.91996961,51.62212057,1.15783013138125,1
AL120-0059,1479.01439993,5.18531958,33.34788188,29.39032573,23.30312785,0.3496245101256747,1
AL120-0060,1580.79152089,63.76406515,37.17514573,8.54820546,6.89031826,1.3918610459977776,1
AL120-0061,2551.6611333,88.59435772,4.0127533,7.97337051,84.98611404,1.2411741793845932,1
AL120-0062,3218.42126315,69.1679204,38.35248807,25.19786622,8.985407,1.35823613748209,1
AL120-0063,4535.29233485,32.3903941,21.91650965,1.4976294,88.7288738,1.3411982522402297,1
AL120-0064,794.33701746,96.72352525,37.93528713,39.3687553,41.3715045,1.0995203691336182,1
AL120-0065,4938.65648843,14.67863079,5.13539722,4.49539628,47.42412604,1.2321121202843708,1
AL120-0066,4110.31846981,9.49007615,1.78345936,4.83018722,99.91593082,0.8522647591707956,1
AL120-0067,4179.7435442,6.01320884,34.88576878,4.7256064,97.74063397,0.7219101907400324,1
AL120-0068,1088.32632843,34.28385535,32.17232517,39.08294491,98.25769495,1.3090827606812179,1
AL120-0069,3432.24682333,53.78418027,3.70921717,38.08980193,92.96162296,1.1300159111471677,1
AL120-0070,4825.12641372,10.76826945,32.55871705,39.51645572,8.5957665,0.9779517779517684,1
AL120-0071,2666.37374787,19.40085393,37.84023047,36.11162663,8.8420908,1.2413500017707368,1
AL120-0072,2729.16024178,99.33036111,4.8504977,16.04484875,99.79306236,1.1251366799204823,1
AL120-0073,3558.25426616,76.45685668,39.80457958,36.0897861,97.86001621,1.3563965637334685,1
AL120-0074,1413.99531905,35.93405494,24.57346553,38.65894228,12.19062954,1.353477074847713,1
AL120-0075,4677.7221011,42.86458824,3.35946781,36.4614458,98.87745278,1.1415358561844688,1
AL120-0076,1482.16182552,87.99227459,32.40844898,35.91169357,90.32328296,1.1387556198321014,1
AL120-0077,955.97263239,33.94613515,12.67416987,4.73791443,9.10704369,1.3151446933662412,1
AL120-0078,3876.77262584,60.98026525,8.37499159,34.22411125,9.82064549,1.0950328022492863,1
AL120-0079,4391.70295745,78.1750375,27.57609086,19.97327857,0.87360935,1.241147243258049,1
AL120-0080,4427.48929188,28.26337121,39.91900524,23.98090184,94.93598398,1.5171398891966887,1
AL120-0081,4308.90006386,67.51981591,7.4932106,1.08920034,92.78759696,1.108188428706933,1
AL120-0082,4007.12189032,42.36705757,36.86459192,26.99245177,12.40488412,1.3907868110939292,1
AL120-0083,4862.14696243,30.41824287,8.82147635,20.85673667,80.78363538,1.2135763586410122,1
AL120-0084,524.40833254,87.83239193,6.37678317,19.79574583,44.40163188,1.0344400177069586,1
AL120-0085,4695.2597457,70.81745899,37.99939174,7.04285435,47.38360057,1.268190760464013,1
AL120-0086,3166.39189422,6.08180684,10.09089245,8.14923625,4.87778345,0.5795356725707638,1
AL120-0087,4492.00336309,58.5849075,29.05294016,37.64105123,70.68895316,1.3057572371029829,1
AL120-0088,4883.64410913,13.89341935,16.83295841,37.46543046,97.58604681,1.1838692245339195,1
AL120-0089,597.3920403,9.08113013,37.98971129,19.89810921,18.50455524,0.34360467873981054,1
AL120-0090,3184.70120197,49.57273145,38.30575479,3.74823738,99.93558358,1.3192818698483306,1
AL120-0091,606.73591355,69.42561094,38.3076345,25.95529914,97.17901042,1.2118236819360515,1
AL120-0092,902.19377587,46.56984392,39.72543678,8.39495592,11.95925726,1.1771718287887043,1
AL120-0093,526.95538336,99.41200069,34.69068885,15.42458542,10.07647216,1.110680445248525,1
AL120-0094,1990.68701267,56.7550068,2.41110636,0.05052138,9.8942467,1.3165564903846265,1
AL120-0095,4667.11105173,97.83044121,8.91324656,0.25841072,66.6962212,1.1551161641127135,1
AL120-0096,652.72683371,5.19893165,5.03883744,37.90573962,42.23001748,0.12769631505127704,1
AL120-0097,653.43802143,5.02083026,39.1860597,4.24950536,80.51227042,0.170478624513443,1
AL120-0098,4948.60784849,74.59195395,4.07949329,12.66087737,1.25199193,1.4464438321153374,1
AL120-0099,2488.64721321,38.84296409,1.89225877,8.56306434,82.20751248,1.417559752497282,1
AL120-0100,917.48781968,19.51898351,30.81215935,0.7717311,86.85918869,1.0192306610012,1
AL120-0101,909.27698696,10.89328403,5.85522154,0.12448873,94.99665247,0.6263037764559353,1
AL120-0102,4969.50519877,36.65026945,2.15991507,1.50281984,15.32285428,1.2294772572980368,1
AL120-0103,711.23166289,54.22451922,7.16470394,33.95769376,98.59433714,1.19432848616743,1
AL120-0104,3565.62480889,99.96411092,8.59298708,36.91368632,4.40685581,1.1964588907607492,1
AL120-0105,4637.46175822,18.48643726,38.69268856,1.91809945,87.37734836,1.3540842648323366,1
AL120-0106,664.22065254,56.04104073,5.7659299,23.41321938,6.1024216,1.1340847892792174,1
AL120-0107,560.52619219,70.81271493,4.49399556,31.27340101,5.8308728,1.101962335331168,1
AL120-0108,4854.4913847,58.76286688,39.44148239,26.99111536,20.1132481,1.236402116402122,1
AL120-0109,508.76054727,87.6351438,3.45093246,4.46326248,95.90809783,1.1988508105889697,1
AL120-0110,4832.95456646,25.05397914,2.33110804,39.45962343,95.5699346,1.2753138075313915,1
AL120-0111,4704.55596363,99.2513083,36.23558494,18.53796925,92.37783672,1.0772635072838004,1
AL120-0112,3851.00412415,5.43015239,6.34590169,36.57688741,90.75754965,0.5365457913024889,1
AL120-0113,542.98375733,13.7187287,25.50918583,36.23650555,2.2429008,0.7396965412454956,1
AL120-0114,618.86233976,18.30285649,1.64957508,8.72839622,2.06457749,0.7868868129480696,1
AL120-0115,1811.91169238,85.48906989,1.68721254,33.14086083,5.0625626,1.1534791885608626,1
AL120-0116,988.88039915,60.59329818,39.2461298,9.45656992,97.6785983,1.3175462336490864,1
AL120-0117,627.44470453,29.41479157,35.0356339,0.2508688,52.90771713,1.0917925556766952,1
AL120-0118,4806.60341773,81.75614929,37.49197663,9.59277071,93.67795335,1.0794659355069334,1
AL120-0119,4962.70502778,7.51393007,32.44874515,25.5107864,84.82990004,0.8975494840345247,1
AL120-0120,1810.20176318,99.08132783,35.84611967,36.61036126,98.81305862,1.2813276794853157,1
AL120-0121,4721.68315062,46.90333499,39.93088004,36.28925074,86.16868816,1.428769412627901,1
AL120-0122,4660.85382272,6.13588235,12.93083037,2.5301851,11.14981463,0.6372511589855521,1
AL120-0123,4996.49174605,92.28582766,12.23271875,38.14731937,67.06439536,1.341292618528309,1
AL120-0124,758.56239675,92.19852175,3.34536773,5.07805172,2.3593748,1.3574997095387589,1
AL120-0125,4653.03211147,32.1426745,19.08518741,38.66437715,2.31960546,1.3413969335604639,1
AL120-0126,1699.24898539,97.91520583,3.36456943,1.29464492,88.44855158,1.1796856594756602,1
AL120-0127,1998.21826583,81.99173728,39.79143286,36.33876666,0.32298686,1.272489653670235,1
AL120-0128,996.1972516,72.69163654,39.37018307,2.04859212,45.79869332,1.2210687661116246,1
AL120-0129,3343.13312359,74.5774857,1.52662847,1.15151782,70.72450798,1.2657394464635046,1
AL120-0130,553.53206815,5.05670289,5.51489566,27.01820761,37.55707322,0.08568266666666761,1
AL120-0131,1228.78916794,5.61068518,4.11270232,8.89094684,13.71521093,0.491606008330883,1
AL120-0132,4634.96317575,61.5013699,2.96717706,1.23181839,6.80087125,1.3695984269832733,1
AL120-0133,3059.66956355,33.4860326,1.84085971,39.73125957,45.85811757,1.4136150992095617,1
AL120-0134,3073.18970747,39.53269438,37.25542294,1.74731851,1.86332781,1.2326991797978655,1
AL120-0135,530.54723842,65.67991428,7.96258076,14.44746807,96.13795839,1.094349047767727,1
AL120-0136,2931.32606754,67.39150066,3.43341172,36.01931673,97.55166313,1.2397693912920558,1
AL120-0137,4850.36222031,71.73010588,1.66112108,25.51191226,89.66152221,1.253423922760604,1
AL120-0138,677.83644656,30.97141437,3.95895964,1.42504014,12.49290425,1.1644184401723028,1
AL120-0139,517.48550078,30.32251453,18.55877494,39.89395067,83.41409769,0.8589702747077779,1
AL120-0140,4998.32861079,11.27016064,37.76627642,7.88890615,8.06278801,0.9001093439363729,1
AL120-0141,729.62293727,14.08342867,27.59515721,0.81208095,2.37269141,0.782969978556118,1
AL120-0142,581.39954507,56.75878975,24.41122603,36.90074705,3.22898896,1.1047520283047534,1
AL120-0143,642.72350166,46.6926889,36.38586004,0.26109159,94.11556711,1.1521546198599841,1
AL120-0144,2853.02285198,11.07948633,3.42252235,34.77847196,6.50209961,0.8762561871906478,1
AL120-0145,636.21825213,99.50047438,33.61020321,35.9933738,45.86603865,1.180317398246803,1
AL120-0146,732.31913149,98.8137474,3.31655721,31.98130537,25.14086664,1.281796240766485,1
AL120-0147,4717.49190986,6.23562342,38.69008069,10.42236969,82.80505007,0.7078781024698647,1
AL120-0148,2318.79970944,45.42674089,35.66455569,35.91814443,94.60079586,1.5132754824504724,1
AL120-0149,4956.06845897,5.83182368,33.4810906,8.82689625,0.39201677,0.6375820732630331,1
AL120-0150,3126.53389107,97.28773806,37.4268119,36.99971411,1.98728479,1.4525344882900497,1
AL120-0151,2198.73494795,15.40004076,13.21469849,3.98955159,96.60598263,1.1576340037649955,1
AL120-0152,4126.3725427,60.02245305,39.36267312,34.5887652,98.05101119,1.1650926402470292,1
AL120-0153,4571.76922495,98.40538868,11.63147375,0.12448113,98.80103245,1.1890498320838663,1
AL120-0154,3296.09375726,8.20780243,39.92780637,26.38518184,78.23098777,0.8699298683831214,1
AL120-0155,4791.54197173,17.78196622,7.00605663,37.73795709,1.30399456,1.1536714610143928,1
AL120-0156,1438.23139928,85.04307266,39.83992458,1.64255209,95.59125956,1.197049381872833,1
AL120-0157,3483.45505074,90.4725502,4.43353951,39.10341129,82.39372857,1.280279947686531,1
AL120-0158,541.1762502,37.316873,37.82008006,26.09596953,0.38690381,1.156908046735768,1
AL120-0159,4693.38661665,76.22798761,37.97780659,31.2931307,20.25748342,1.0594209031010184,1
AL120-0160,4852.01598657,39.15530647,39.24818359,37.59008266,73.29229321,1.403456292622429,1
AL120-0161,724.28571014,76.92781483,17.9653196,1.70861453,5.82411373,1.095272318220176,1
AL120-0162,2755.23052132,42.82383282,38.00748267,37.72012983,2.59174015,1.333079790066186,1
AL120-0163,4895.02395084,98.76316313,27.4161015,39.05378893,38.30188047,1.09486729943775,1
AL120-0164,544.35649514,45.48701316,3.24750355,36.53928753,20.22149982,1.2371439663996153,1
AL120-0165,2541.51975131,11.91724169,39.41333115,38.51047568,90.39374562,0.8763657274295646,1
AL120-0166,748.40959022,56.81380134,36.85336088,33.48992597,91.75815126,1.1234975479983427,1
AL120-0167,2320.35886496,68.9432849,2.66013594,31.25634328,5.91804972,1.187519056814727,1
AL120-0168,518.86834297,91.77672332,37.9337312,33.25957097,80.1099211,1.1404216553878284,1
AL120-0169,1871.17869221,55.97154904,6.21251036,37.02784482,93.94595418,1.2652781287225316,1
AL120-0170,2409.49120605,23.08097695,11.34298599,38.26229304,88.29598613,1.2352692416126407,1
AL120-0171,3624.81117481,91.67296784,37.19407734,0.87077506,14.68016915,1.071070763225586,1
AL120-0172,1646.7476273,53.38904937,38.9800517,2.58673489,1.62617322,1.3720056364490487,1
AL120-0173,941.74663583,46.97236192,2.81265408,10.2083914,3.73303154,1.1728568560530113,1
AL120-0174,621.31320825,60.57326552,37.13537005,38.40193033,26.53641496,1.1390134529148077,1
AL120-0175,886.66805206,5.27733593,37.14796713,39.03669879,17.3327948,0.1970020341785489,1
AL120-0176,4969.04418152,84.74128932,8.15534501,6.17547657,89.1985802,1.3031936647209836,1
AL120-0177,602.87538078,99.94967541,8.78535685,4.62651316,24.59897045,1.3080568720379255,1
AL120-0178,2861.17344396,77.388295,5.49478579,0.17988898,17.96258558,1.3236160410845212,1
AL120-0179,4826.04227075,61.56109211,5.16776701,37.57724181,52.41516689,1.2624981991067674,1
AL120-0180,2818.62061284,24.93703504,11.8441162,1.51209205,85.9013021,1.2962538367664027,1
AL120-0181,524.40785058,46.37719157,10.63619644,7.14075569,98.57088551,0.9709426331680644,1
AL120-0182,2715.38626868,7.71252736,5.83794021,38.20107747,98.79744956,0.5886739218057285,1
AL120-0183,576.28255663,90.73322307,30.47073577,32.62173712,4.63660182,1.1534057255676307,1
AL120-0184,546.11129686,98.97184391,11.00721639,17.11608771,99.86616867,1.2018515343734029,1
AL120-0185,569.44274344,7.26439814,15.44534072,0.98784555,2.78146537,0.2447611532794747,1
AL120-0186,4970.53592978,85.89610413,11.3160938,4.90048315,7.78148547,1.265049805110448,1
AL120-0187,3863.94843971,94.49759491,37.19745733,37.9299752,95.47490692,1.3996725631913227,1
AL120-0188,4442.14572851,37.61377452,37.47201948,0.63344661,96.88057462,1.4528257992057938,1
AL120-0189,4903.07436232,73.10996036,37.06891282,2.67121486,97.11563336,1.155801760807211,1
AL120-0190,904.27055163,98.30587694,39.48698301,4.37800426,10.89991368,1.360714285714297,1
AL120-0191,576.30089205,99.67014333,35.89436115,1.44838288,66.41484648,1.2240757012504104,1
AL120-0192,3468.26736908,5.52293441,37.53749102,3.04135811,0.72055142,0.5939104356224317,1
AL120-0193,3062.19253317,59.19997036,2.57174647,3.4738877,20.9191951,1.3647475508666032,1
AL120-0194,4968.8213109,43.94644736,10.59009839,3.08168586,98.16378541,1.2534687455299776,1
AL120-0195,2222.55340405,28.95961614,2.59882956,34.59979106,8.90189139,1.2557589653566543,1
AL120-0196,1835.57557361,21.23657545,39.46792322,2.37504594,19.81199365,1.0819520325956198,1
AL120-0197,4993.78397223,21.18485577,38.80187192,10.85777856,11.53633539,1.0615903162460696,1
AL120-0198,4872.75714846,51.4612302,36.23118685,5.09279121,21.79562747,1.1481166066164525,1
AL120-0199,2978.39035746,68.22706412,38.75662831,0.40573541,73.97019109,1.2587454387489019,1
AL120-0200,845.66185391,16.9758318,7.52577775,37.84503791,88.85170957,0.8737281389458365,1
AL120-0201,4291.82328563,97.83206836,2.88528451,33.00041314,6.719827,1.0514443411224852,1
AL120-0202,2899.49285658,27.12398629,37.78655545,38.65751974,41.92132019,1.576859057987327,1
AL120-0203,4051.41997617,9.57142039,37.54379055,38.87768358,95.57492062,0.8795764221726002,1
AL120-0204,4998.82780341,89.10653827,14.19723831,38.88535451,90.92943352,1.148944539137285,1
AL120-0205,4835.18981049,88.67239696,39.75447401,36.36653505,86.29129753,1.2937659173956482,1
AL120-0206,4842.41711069,73.10994629,38.59603764,0.75120095,0.37423568,1.292334918703694,1
AL120-0207,4965.74632172,96.56704572,17.91835595,5.32023542,13.98255257,1.2547700017898797,1
AL120-0208,530.40577285,26.50072722,37.46244458,29.68510427,26.96333202,1.1038609309063516,1
AL120-0209,1772.9388685,98.76771414,34.95942154,37.02698052,8.39200858,1.0431832385940982,1
AL120-0210,4295.84431928,97.80007062,2.18545976,4.71336834,6.34831814,1.201192556800668,1
AL120-0211,3018.82409677,71.31445243,2.55124696,37.73042485,5.98458862,1.379511196820036,1
AL120-0212,4657.11217048,39.4620863,38.36025916,39.4451651,16.01407789,1.3408507015140725,1
AL120-0213,4858.6124396,80.78182594,7.06432706,34.92093891,15.0439742,1.0986365773389841,1
AL120-0214,4472.44963609,99.87595635,38.39047014,5.81791129,23.19686431,1.2698219043612273,1
AL120-0215,512.99095666,73.49679277,4.05231005,6.0542582,8.03394429,1.2616392072172367,1
AL120-0216,563.25670192,67.84219772,8.51205396,0.9801697,81.17242195,1.1078731944751823,1
AL120-0217,2050.70440657,99.56057094,38.3081988,1.93853166,21.16103629,1.1443309065979006,1
AL120-0218,3416.26880364,83.7940558,36.37809974,38.8546643,8.79050968,1.2244067338246112,1
AL120-0219,500.7409812,33.27257626,10.20134173,39.95701864,11.88406069,1.0371334733852204,1
AL120-0220,944.82488139,7.17446432,37.58209568,2.54521489,2.76140086,0.2938286921387521,1
AL120-0221,3913.56049711,5.78417583,22.15495492,39.78249736,10.31399546,0.786493822335128,1
AL120-0222,4913.29746367,5.29959658,13.78647634,9.85609468,81.71007205,0.6620677049060402,1
AL120-0223,4967.58777974,57.97181296,39.27999364,16.67494815,7.78009249,1.3199276999548233,1
AL120-0224,4380.2255881,56.21809359,1.95734985,10.37139349,97.29739213,1.3430914246302512,1
AL120-0225,1987.99164407,77.28844236,10.72693931,36.02309782,96.87974518,1.220692909139918,1
AL120-0226,4702.79803546,40.22294358,2.15919074,30.87076429,7.04010287,1.2991845811712488,1
AL120-0227,4815.85198874,79.16227555,1.98602612,32.13690694,94.83517241,1.1160878809354957,1
AL120-0228,755.82459895,82.72748747,26.74507995,1.37169778,95.06983003,1.2541255496693564,1
AL120-0229,4855.21885846,98.65110961,37.76402452,39.2620825,88.92398011,1.155192301354557,1
AL120-0230,714.58620531,21.76652067,34.20839174,36.25877697,78.85641633,1.2021773042583783,1
AL120-0231,526.01255756,77.72254041,9.39025621,38.48739631,16.44675899,0.9743214525891241,1
AL120-0232,4885.52047778,24.48752674,7.18671188,7.97622748,1.89504921,1.3112406328060198,1
AL120-0233,4976.3844572,82.60686677,13.68300003,39.34705194,6.14194134,1.0535934353302274,1
AL120-0234,4560.51030057,37.97116941,2.73388217,4.72376984,93.43202114,1.4787458153016497,1
AL120-0235,3317.11801374,33.67655968,3.31851182,39.40645441,96.11493852,1.2053778827913944,1
AL120-0236,4331.4575674,94.61562646,4.51510979,36.8577129,96.65225828,1.0389779767021765,1
AL120-0237,4750.43647736,18.28549678,2.72349141,3.63363631,24.73270334,1.2715158323386437,1
AL120-0238,2869.20428369,38.24373527,7.17707857,1.23340476,1.03660636,1.1800097735787811,1
AL120-0239,4112.16041818,5.36980723,38.67429692,38.4908668,35.93299091,0.5448889022610475,1
AL120-0240,3408.35599788,64.35366578,39.75488108,35.95657319,10.60523065,1.3745343319870331,1
AL120-0241,1236.1164391,98.1490013,1.61239902,37.23696887,10.40950324,1.260585389621713,1
AL120-0242,590.30010784,16.65136816,4.43507027,6.71499643,98.00764052,0.9071201382453506,1
AL120-0243,569.20320541,94.57610457,10.32890806,0.84853582,1.06056295,1.014662296551492,1
AL120-0244,4762.71458669,68.41287713,35.86839982,3.26340549,98.81369444,1.2691544903465672,1
AL120-0245,655.84652359,52.12879185,38.6072656,9.98893794,11.71895834,1.2609803648516436,1
AL120-0246,4411.65615758,99.96083776,1.62083929,36.1867537,93.03013133,1.057128681084572,1
AL120-0247,2762.62272289,75.20740017,2.0503908,5.92108894,99.89429908,1.3572301120395176,1
AL120-0248,4947.87885342,51.20423048,6.84440198,38.04562595,70.49454097,1.275950258921288,1
AL120-0249,2462.34734915,51.28614256,3.12196477,25.56755792,0.66050021,1.2661465106199006,1
AL120-0250,4883.38878797,69.36292506,37.88306697,34.4619086,35.40793797,1.1624751267731757,1
AL120-0251,4879.74755093,11.4352331,5.3237044,37.15715114,36.2898021,1.006066329648314,1
AL120-0252,966.88899677,51.67069673,4.2622451,39.3296745,80.51607525,1.180086664711778,1
AL120-0253,3346.97549278,6.27170424,3.78342666,6.35205004,85.35599606,0.5686448128611009,1
AL120-0254,2657.36071672,44.28408033,2.23278717,2.57538114,98.785384,1.3196792289447434,1
AL120-0255,531.41010506,86.40228285,2.03515856,35.99009488,61.30085802,1.0569292003377557,1
AL120-0256,939.9628914,78.4138891,31.88125528,7.94541281,3.66898431,1.271381936887873,1
AL120-0257,531.25929367,64.60410733,26.35740113,39.11352813,15.70810406,1.2338329472680434,1
AL120-0258,852.83220327,68.84632922,39.03735882,38.73104203,5.44821536,1.1243985372426166,1
AL120-0259,687.76034331,7.0000583,2.43356289,0.85265707,46.96263131,0.3199851582239402,1
AL120-0260,2906.73433477,24.79737155,35.87732116,4.58435461,1.31299961,1.3038770294106559,1
AL120-0261,4753.87429819,5.02918767,29.53802263,32.95375485,91.39916226,0.5211108468125792,1
AL120-0262,818.52977583,23.707076,2.79687041,8.47570963,98.96707153,1.104521821332955,1
AL120-0263,1680.87168783,22.84837617,39.94080779,1.84840426,93.1337473,1.0229150780875111,1
AL120-0264,4876.28521724,70.16622437,2.69524964,36.91452119,40.18923091,1.0924050238414724,1
AL120-0265,953.59676098,74.83925629,39.22917698,2.65730761,98.8518157,1.2930500221337367,1
AL120-0266,4944.19122254,32.85484629,37.5502312,0.8956565,5.63747566,1.3000519249314344,1
AL120-0267,647.59879792,97.8224623,38.26621622,29.38475672,96.93053681,1.118673173142278,1
AL120-0268,1693.97590496,45.071392,5.55927933,38.97741657,92.50450432,1.4177946529925505,1
AL120-0269,4589.48645601,53.60259419,31.54687377,37.00504232,99.52689912,1.1550780992553,1
AL120-0270,606.31334409,9.02842872,35.1561189,32.09995769,88.28587839,0.4308977134835305,1
AL120-0271,2517.9496971,61.46466242,39.84653326,5.70762023,97.91351957,1.2152049922834556,1
AL120-0272,4867.53226398,97.66492159,38.20245209,7.63616279,73.6690714,1.1971311475409376,1
AL120-0273,667.01374575,32.61267898,36.92416488,3.0853314,70.49857313,1.325104265749565,1
AL120-0274,4747.65595701,47.39969893,32.28511681,0.27536787,10.36448982,1.0730094590871928,1
AL120-0275,3444.76018334,89.24260258,36.94268403,0.84999025,1.65533526,1.2446559193239588,1
AL120-0276,4931.68184394,59.12138992,13.4342587,2.63508089,13.04421686,1.3016279153340526,1
AL120-0277,2721.68220114,37.24647912,39.23280101,2.70353276,98.59155649,1.3880206936194934,1
AL120-0278,4170.31487962,6.41962976,2.19879368,4.37152572,7.58754564,0.5912556507658278,1
AL120-0279,1086.42497333,33.58783497,1.87582199,13.60827044,90.62748868,1.2358115254700153,1
AL120-0280,4933.17678152,22.36588132,5.48598359,18.55663832,98.02087015,1.01981321462865,1
AL120-0281,3917.0785998,10.6279853,37.95813277,0.95781915,97.83249572,0.9089640634410412,1
AL120-0282,544.88027608,45.61171338,38.74261237,34.66010671,89.58374057,1.158311480652338,1
AL120-0283,581.67723753,55.65671191,2.0873178,38.59031729,15.32864366,1.0256378309499818,1
AL120-0284,4964.53339327,28.76730876,36.96874078,34.25533302,71.64243236,1.2135356987302135,1
AL120-0285,4888.31867976,62.10189232,14.88019772,0.16699519,89.88426831,1.1131152746904203,1
AL120-0286,937.8769123,5.18130845,38.27374643,37.65460994,60.84045228,0.26290102488169353,1
AL120-0287,4332.39471866,7.97893877,5.62290068,0.40486485,96.08178362,1.1043478260869142,1
AL120-0288,693.83100374,52.18979138,37.53551633,39.27817967,12.78092451,1.3458828775267793,1
AL120-0289,602.33616875,87.96179517,22.24502764,35.18280704,98.26749917,1.090647395362863,1
AL120-0290,3277.22028876,21.16814723,3.40820734,37.95669805,7.90514983,1.3276786041567643,1
AL120-0291,4979.77722529,52.59959668,6.41019985,32.96432089,20.10110766,1.1049879496019,1
AL120-0292,4900.32711811,14.0582508,2.46914024,36.23553392,2.54311729,1.1740049267470725,1
AL120-0293,695.98079845,58.30176925,33.39233698,2.36083306,26.30065121,1.1356849465400145,1
AL120-0294,702.22273888,72.02885787,3.98350577,11.79900106,96.6778853,1.1095916429250186,1
AL120-0295,1476.1977829,24.53777197,38.2918233,39.52222902,22.43329156,1.2562990573815036,1
AL120-0296,4964.60432932,90.06997345,26.40985339,36.69662025,4.87305094,1.0501101704742726,1
AL120-0297,4943.34921008,17.62711314,5.80081746,1.71954814,18.83848058,1.3820887549127565,1
AL120-0298,924.52989239,14.53181528,2.49796432,39.05624326,79.46507707,0.7436537592904504,1
AL120-0299,4074.83993983,77.63049274,5.63516713,1.25626627,6.61753817,1.0838265657261046,1
AL120-0300,1581.19293023,89.29564735,39.6906072,1.47172313,78.6384576,1.327921982695435,1
AL120-0301,4717.41126338,87.60249576,38.92421909,2.24675693,99.96877778,1.2784723447813593,1
AL120-0302,4933.96476842,77.00783822,36.3846187,36.0314627,73.25893594,1.2866470107633337,1
AL120-0303,732.91246127,42.70244945,1.82028311,36.3842728,87.53654351,1.1951955122917237,1
AL120-0304,4824.32655385,37.6749726,21.88254348,39.61019006,97.20312674,1.1310039032005812,1
AL120-0305,2748.92148376,96.40581717,4.48914075,1.53208908,98.08430681,1.1438827791013062,1
AL120-0306,739.69954811,52.98297138,8.85609993,2.52025954,79.23301589,1.3029858263184648,1
AL120-0307,512.2872917,26.92970386,20.7200924,3.08734998,93.20763573,0.9112967342625845,1
AL120-0308,821.50165085,79.93366701,39.48580353,35.43370374,4.02263114,1.0250863191260735,1
AL120-0309,706.26888052,5.02687218,36.63738838,15.5915235,80.25736753,0.1658769812737792,1
AL120-0310,4983.57038433,37.51768803,36.90640548,38.48187786,39.34809882,1.410891243377945,1
AL120-0311,689.16936219,22.8328609,39.29067132,8.82318754,96.64847907,1.074247412284563,1
AL120-0312,4965.91684734,82.22954097,10.78498,1.20870817,4.04650727,1.0920987038883765,1
AL120-0313,787.28929115,71.30455192,39.08325314,34.79471479,94.79658259,1.4329390354867513,1
AL120-0314,1985.55392679,54.55636385,1.51057362,38.57173014,99.43322251,1.2149604186233265,1
AL120-0315,4929.13593724,38.84083979,4.55449225,17.48458512,7.67586753,1.2429360694554301,1
AL120-0316,1645.82407149,84.75380331,38.57470151,36.04376253,85.83533252,1.2059397369735536,1
AL120-0317,4867.60361912,88.93883985,17.03237067,0.10677841,97.76809141,1.2037914691943585,1
AL120-0318,4425.37885439,65.61977959,30.06780301,39.42836106,4.18130308,1.3586573122989778,1
AL120-0319,2264.36467143,8.60593682,39.71658194,4.75045718,4.67040883,0.7393578150196699,1
AL120-0320,4540.43555446,99.557584,35.54903362,24.7499476,7.94300484,1.1318521296209059,1
AL120-0321,510.59843041,34.1677278,39.91518688,3.58316299,0.36696037,1.1868355116137785,1
AL120-0322,3147.49676688,24.47627096,4.53055953,37.75843021,98.71786367,1.0386701040092847,1
AL120-0323,3080.36078187,45.60573933,3.04106578,5.70921026,12.81294553,1.1414471196268312,1
AL120-0324,864.67271019,98.89488434,38.75594719,7.59830344,93.05055663,1.1491972840916518,1
AL120-0325,840.53083416,6.3904551,2.914261,8.85431025,96.86366869,0.31844629465187235,1
AL120-0326,2859.35113439,89.31318155,9.74975533,3.26825861,0.5200834,1.2536032330746874,1
AL120-0327,4959.37226154,16.86459933,36.49964818,31.13892086,91.66432964,1.4036738490156024,1
AL120-0328,4964.4528809,23.40347493,13.88327194,35.11730649,2.51768352,1.1232524964336872,1
AL120-0329,813.14863591,64.56776003,11.67362256,7.56374057,2.31363876,1.132489134852847,1
AL120-0330,500.981085,84.78417736,27.42221422,10.12311608,2.66183764,1.165505035878579,1
AL120-0331,1666.69504391,21.44005014,4.17520934,0.3312378,10.50323052,1.2001232581230983,1
AL120-0332,4779.83596921,54.05042897,24.93878632,37.08524745,5.5437333,1.1076913667084831,1
AL120-0333,774.41112557,16.36709689,3.61270042,35.91127995,2.96870274,0.8627807817822511,1
AL120-0334,3845.96639499,18.90144324,39.76081273,2.27535442,89.63821977,1.0535924137530015,1
AL120-0335,763.00608786,60.66167852,37.9438539,8.62618856,2.60000676,1.1185499569199775,1
AL120-0336,4975.50686356,63.05627742,7.46630967,23.0384304,96.86477985,1.2113211459377726,1
AL120-0337,601.02561628,40.25380477,8.39429065,10.01106974,14.75163801,1.2187213997307742,1
AL120-0338,4944.86923888,29.84677258,37.28837812,15.26761495,91.93335064,1.174690276967007,1
AL120-0339,891.19837014,45.05724147,2.61834271,1.457236,12.50358392,1.113999682186599,1
AL120-0340,4482.32484236,99.98945627,9.92400556,0.68234522,19.26306859,1.1065407998044363,1
AL120-0341,4942.66166352,36.80487356,39.95929586,0.62154412,16.81317491,1.5029835262874263,1
AL120-0342,4622.68273626,45.71025384,5.69903219,38.82187553,2.69200169,1.2148789159454823,1
AL120-0343,544.8863362,31.57876587,34.78270811,37.72623681,8.06650119,1.0237535330694914,1
AL120-0344,4822.53927644,28.1068087,36.24662153,38.83553986,5.41843558,1.0654625680247298,1
AL120-0345,538.66945347,83.80674674,7.14904466,5.40217444,6.40708422,1.098253486961816,1
AL120-0346,3384.63926874,32.28137353,1.96676941,4.87085838,95.47823565,1.382405251707897,1
AL120-0347,504.69664438,99.40503013,3.06123162,15.96499126,77.27476154,1.0262190111913474,1
AL120-0348,1944.24648304,39.77446478,4.10248116,38.75223428,14.27287152,1.363148479427601,1
AL120-0349,3503.45896976,50.23615201,38.90944039,37.18383323,95.10035431,1.1658801944185369,1
AL120-0350,647.94876333,14.7627352,34.23165065,39.07635979,98.30813976,0.7902690201382979,1
AL120-0351,2861.3401223,11.98064156,31.42419091,38.80139966,0.16347328,0.8831666204742205,1
AL120-0352,4938.7777159,86.12154361,5.57548908,0.65939803,20.75094935,1.1320974097280967,1
AL120-0353,2381.75930222,68.36084212,2.73316799,10.53535841,96.99090524,1.378984238178581,1
AL120-0354,4947.16347056,6.28522482,32.5812204,7.77247142,0.79936609,0.6594880011653015,1
AL120-0355,3143.9642054,55.03603031,31.06772958,33.39164909,11.41235065,1.4482946139390092,1
AL120-0356,637.79617893,50.20644834,38.19447476,35.09786677,99.15500833,1.1741571576763035,1
AL120-0357,543.45043236,76.67126156,3.6855225,37.07820322,84.22119385,0.9918786609695049,1
AL120-0358,4940.31633995,72.41440925,38.92719567,39.76164799,85.78965431,1.1866592405727052,1
AL120-0359,2070.43043198,14.83297195,39.93006013,2.6281951,99.76979066,1.1606238204033419,1
AL120-0360,1190.5987612,81.51266547,1.88203528,34.6197132,92.20954301,1.0511768290912908,1
AL120-0361,2717.49409521,43.29116639,39.98746764,10.02772093,89.5554143,1.3958840758439421,1
AL120-0362,853.61305298,62.92308052,39.2667116,0.36353372,72.52133321,1.1279443943879948,1
AL120-0363,4751.38921477,16.76242881,35.4166408,1.41311932,97.26670319,1.1572518075869567,1
AL120-0364,2103.71853178,73.34271483,1.72962511,39.86713488,6.07588002,1.1305096913136679,1
AL120-0365,716.41983464,42.39832239,5.34090771,38.15201957,99.26664932,1.1623632104233075,1
AL120-0366,2275.06552869,83.9396315,2.30585181,4.15512972,4.59157322,1.1034058368366748,1
AL120-0367,544.57486467,29.07235535,1.63803274,36.69756901,8.14891309,1.0356013826927448,1
AL120-0368,1775.4297019,86.82267594,39.78316312,34.04090501,98.53574457,1.0885169045829786,1
AL120-0369,4557.90773639,81.37369545,3.95685253,30.41957647,96.76783057,1.23248945147684,1
AL120-0370,3259.53193335,68.19454233,34.57983902,2.47036025,6.59821266,1.349711205236863,1
AL120-0371,3726.94753576,58.12434815,39.21207711,37.95762729,99.27700749,1.3385712701873167,1
AL120-0372,613.77655715,21.39447678,37.69654082,15.54750498,8.92528044,0.9360179448836075,1
AL120-0373,2803.55729768,99.62423774,4.37802444,32.87826542,2.66721696,1.0466206258849564,1
AL120-0374,4826.74466167,66.36138165,1.95397323,36.22434713,7.97693077,1.3406769936890928,1
AL120-0375,743.38500807,63.09208103,3.69773919,29.72901188,86.2546945,1.1827906192003148,1
AL120-0376,2849.9012636,55.99391807,3.879008,6.91431824,97.59696601,1.1461269332636215,1
AL120-0377,4766.75409405,45.21552069,1.72424123,36.86582301,83.67124358,1.2814576331151106,1
AL120-0378,4898.09425455,25.3546906,6.38780166,5.92615165,89.11600532,1.2338329472680434,1
AL120-0379,545.47912953,99.36609377,22.60302766,37.60529865,96.70375483,1.0140089585665906,1
AL120-0380,4704.41117045,75.21280842,8.4059175,39.89033099,99.51666193,1.2342533905812925,1
AL120-0381,2687.17088411,77.00835218,39.90063059,5.33236075,88.51987757,1.3508521985604254,1
AL120-0382,623.15991335,35.84128982,5.0040515,35.48497625,90.16980501,1.1704388289278318,1
AL120-0383,4970.19807203,56.98985381,4.77965698,22.37426337,1.279114,1.0361415453271356,1
AL120-0384,4978.87468711,5.76693193,13.70575836,35.31046174,82.19612651,0.6573813931540289,1
AL120-0385,503.64396954,61.57694854,4.26579462,1.07270002,66.72359919,1.2217222653219781,1
AL120-0386,4869.17918641,97.79592571,2.32433504,37.54169904,0.28218022,1.0733878615457766,1
AL120-0387,4878.55208199,27.34658712,2.0794475,3.89914554,69.14906334,1.4309011180025524,1
AL120-0388,568.69906327,5.25089702,2.94372908,36.38888083,59.68600288,0.07789333333333168,1
AL120-0389,555.93374325,62.24990031,1.72170375,19.13021609,96.63004903,1.2220052991215078,1
AL120-0390,3476.97285563,33.64463598,3.32535664,25.48028581,1.25908032,1.2880654338549318,1
AL120-0391,622.19018582,70.38874486,2.99739155,0.5911475,10.50149398,1.1448023009576347,1
AL120-0392,3267.7357588,99.26014773,1.77139417,36.39321208,62.52412461,1.2067835010328742,1
AL120-0393,537.27861075,89.13065302,38.59006014,39.77383573,96.97949607,1.3024704232442978,1
AL120-0394,569.92582185,47.071491,36.74713797,36.53676935,10.58162693,1.1576722372680273,1
AL120-0395,2875.28794026,33.88286418,39.62742211,30.84283508,1.0181264,1.156526329681976,1
AL120-0396,1987.99569672,34.92075073,35.28720688,0.59297644,96.45198565,1.2578274760382904,1
AL120-0397,1435.27936004,83.94014775,3.6634903,4.03881345,4.97157648,1.1425032594524556,1
AL120-0398,938.4655063,56.61060393,39.77480715,3.24696571,2.35276623,1.2901759635249201,1
AL120-0399,4985.02937611,45.0579207,36.95259532,10.99158816,88.85251312,1.263408304498318,1
AL120-0400,3329.65428568,5.52234357,3.28106917,21.02763001,10.28233031,0.5772267287127859,1
AL120-0401,1608.11375082,17.45952691,2.43376863,2.53945917,4.60047368,1.183595843408882,1
AL120-0402,4901.16500249,35.43043362,14.44779094,38.65188371,1.8647084,1.1022988144281685,1
AL120-0403,3183.88995947,92.33486794,39.98978357,38.44346542,29.31801043,1.2313162904541977,1
AL120-0404,1339.19658139,91.3269449,5.5008761,0.768211,87.06842484,1.303970911185463,1
AL120-0405,3881.52085664,86.14837491,38.11056958,33.21708664,0.50950311,1.2183101039241364,1
AL120-0406,4846.79127391,48.0770398,38.11269333,29.48518503,7.32416492,1.3528704291636577,1
AL120-0407,4960.09376319,29.56572155,36.47624399,6.94404993,3.68446019,1.279194773088493,1
AL120-0408,658.89173187,28.29210625,39.7232856,20.50157197,90.92869619,1.0150603929042032,1
AL120-0409,3272.1100687,14.47909574,7.9107241,36.38325397,98.15454111,0.862739680346774,1
AL120-0410,1263.00611673,5.94287742,29.81505841,36.77918267,4.35911166,0.32935560859189794,1
AL120-0411,603.03852614,44.3947938,39.08843034,2.75971472,34.29439524,1.2124389100889943,1
AL120-0412,3100.39703827,16.34837491,35.79154308,0.95551629,3.0608329,1.015772056761417,1
AL120-0413,3508.79356498,63.46919299,33.2369873,36.7207434,97.54452957,1.1844860852219066,1
AL120-0414,3415.55033624,7.72228764,32.59132335,39.94738847,1.52108362,0.7631291743041655,1
AL120-0415,4822.82283623,48.24522926,3.9574273,3.286791,15.35338387,1.3086917562724512,1
AL120-0416,4815.89773716,66.33689265,32.25496144,1.70911584,5.58445202,1.1859598572410401,1
AL120-0417,3966.19457426,88.81607848,2.80616566,31.38532639,0.44428864,1.2532576727448397,1
AL120-0418,699.7658019,62.54872034,38.30467961,7.5087139,0.26546996,1.2901943462898018,1
AL120-0419,907.5388778,91.12490095,39.53142825,28.60522494,3.21922591,1.1803943294769654,1
AL120-0420,3274.86623544,83.79610498,4.02054773,1.57930076,92.46301763,1.2648215638870324,1
AL120-0421,702.54040882,32.50153579,3.77866951,3.19624905,82.32591636,1.1709685762317563,1
AL120-0422,3409.11925398,5.21477374,39.09715194,0.00075817,93.49776078,0.476521928274305,1
AL120-0423,4978.16907335,89.68117104,17.33998248,36.39002122,99.22889182,1.2410196669636362,1
AL120-0424,648.57523097,78.42483902,38.08835311,30.02338152,80.87688535,1.3411982522401915,1
AL120-0425,3407.91637963,48.97447542,4.48871406,3.27702463,5.16813947,1.2290600610790867,1
AL120-0426,4491.37373548,6.38406291,4.60084377,2.03273118,14.82482161,0.649483574809939,1
AL120-0427,3171.09298939,98.94563645,2.7533249,5.25315624,2.65546506,1.2827343921540413,1
AL120-0428,3319.90287174,6.44756002,2.1862118,33.94665495,98.16741329,0.6032108716650336,1
AL120-0429,3744.66612469,58.7272887,4.03849925,0.44946838,0.66091875,1.3014876033058096,1
AL120-0430,3212.31649257,16.11089885,36.51308214,39.93911669,7.33842244,1.2277269337671552,1
AL120-0431,863.55698248,66.48195484,33.34376185,0.25881138,92.49197124,1.0889095992544473,1
AL120-0432,807.2373867,72.15393439,33.5961753,36.53302852,9.74323107,1.2011925568007036,1
AL120-0433,4964.44205148,98.22549,29.93404724,37.9940512,93.73998009,1.1626990241397241,1
AL120-0434,546.57789646,45.16909539,2.45146779,0.78764807,37.31483193,1.3004377828894165,1
AL120-0435,4970.20493262,26.93768887,30.68498148,39.90231294,91.25911919,1.1466143277723695,1
AL120-0436,2157.72569459,79.79930285,39.28595816,5.23288235,98.48919883,1.1383406911249823,1
AL120-0437,1092.37751598,92.62473822,4.68209826,38.7475929,13.76481419,1.2786980159570953,1
AL120-0438,1875.11655642,5.19047364,9.78753001,1.1818802,5.66968806,0.3706701052028397,1
AL120-0439,1608.75774501,58.52685403,33.69882929,1.69787154,96.23580994,1.3036298720619357,1
AL120-0440,626.52073801,53.08814317,31.40498462,0.23707658,92.7318926,1.2165927717317817,1
AL120-0441,631.0027428,64.52312805,5.08317336,36.11432027,98.69786985,1.0444175317185895,1
AL120-0442,4697.2909742,75.37091033,31.53767357,39.84696206,4.82591363,1.143104210061182,1
AL120-0443,4888.63917021,68.29964803,27.76285187,39.12045863,97.81961124,1.2673825794555207,1
AL120-0444,1734.69909653,17.00514316,34.57000758,38.84196714,99.80236162,1.2855966493930817,1
AL120-0445,4982.71770589,85.9537331,28.53557059,4.88778122,5.13600828,1.0274960426804636,1
AL120-0446,2545.27105531,52.7286185,38.38959267,0.98409768,6.44689091,1.4176836666796588,1
AL120-0447,3181.955148,96.38650506,34.80709473,1.97021876,92.3394464,1.1590503273593455,1
AL120-0448,3201.7751094,39.92557207,3.02342442,0.35576854,96.28744014,1.421745956979063,1
AL120-0449,1690.56782732,26.49715183,38.95886075,0.66348232,2.42437664,1.1931875082356265,1
AL120-0450,720.80856143,99.80270436,4.64476418,34.24994055,55.20099513,0.9985186873291172,1
AL120-0451,4761.29459171,63.84176578,38.03566861,8.92468624,5.17235724,1.2773902309997747,1
AL120-0452,4860.83395407,5.79467196,38.99911224,39.72457789,66.25970369,0.7031039503057092,1
AL120-0453,4810.91751624,18.20840742,5.60984317,4.07155041,4.58443901,1.1693052685950633,1
AL120-0454,861.67766759,35.71235099,38.36642315,23.05877827,99.3940712,1.1938692098093096,1
AL120-0455,833.54457654,30.94678443,1.92643312,2.68537886,4.78115454,1.0040583245550427,1
AL120-0456,2056.48342287,89.38546199,39.49644596,3.39779787,93.27802602,1.1151337766042482,1
AL120-0457,639.12589243,41.22806203,13.93873212,35.71704522,0.64914301,1.2286014721346419,1
AL120-0458,523.49242102,10.65509662,31.57903029,3.7452174,81.06948975,0.46062867956267517,1
AL120-0459,4799.12923276,5.00969888,5.22914424,6.86062582,72.81224364,0.6211369435781352,1
AL120-0460,1061.58341793,53.61334469,1.68125375,35.69658093,1.42142102,1.3056207397475073,1
AL120-0461,754.47587529,57.73932232,3.87844779,0.65813124,4.85580638,1.1581695027259649,1
AL120-0462,545.30928284,99.22008799,2.11529209,36.11030571,93.79221881,1.1109529797870934,1
AL120-0463,663.827579,41.15370037,39.07038442,0.86955402,89.68119938,1.256649203760837,1
AL120-0464,3896.13896282,54.98808341,37.885699,39.45298273,1.78157352,1.0927796483352454,1
AL120-0465,4756.45183818,18.16735445,39.30633619,38.75702292,10.01884583,1.2466922748613363,1
AL120-0466,4951.33221429,99.57701334,38.97662298,28.2924721,52.78477017,1.0778918548938667,1
AL120-0467,4916.17639596,62.83856841,37.00404706,3.05897024,87.20631748,1.416242424242478,1
AL120-0468,2289.39574165,63.28328318,38.38550495,38.60159706,75.15342599,1.357382701244139,1
AL120-0469,1821.91388449,40.52721937,37.5185222,2.14075495,1.90085536,1.300459572023503,1
AL120-0470,903.44926342,99.10312151,38.74982727,7.56209709,1.05656795,1.0700940285749583,1
AL120-0471,3133.2691526,88.52048817,2.14943836,38.84210151,4.25253613,1.295204720185897,1
AL120-0472,3160.64507701,79.31604755,4.78230946,38.44805699,16.47990746,1.2960621186911196,1
AL120-0473,4989.26608032,54.65090432,31.08926949,28.29062648,90.74935401,1.2749172826469062,1
AL120-0474,3162.9336467,95.14118188,3.36559789,2.59427458,98.94624241,1.1977447462840023,1
AL120-0475,1119.69692539,5.49157387,36.80933719,4.00475547,2.96134213,0.25690413368512643,1
AL120-0476,4126.10968202,95.5269264,39.84675402,0.56035031,1.73540721,1.396260745537898,1
AL120-0477,4874.77616873,55.52469368,2.75278774,10.17011311,77.65235975,1.4284200660174142,1
AL120-0478,2779.2202197,79.75917357,34.80962813,1.67417504,19.91433846,1.2498930252460896,1
AL120-0479,695.79579728,43.78900318,35.77718946,39.90983319,2.21897624,1.23361723094254,1
AL120-0480,735.38714694,85.36575387,38.52663611,39.37969252,5.40524852,1.0653779520379723,1
AL120-0481,2680.11437356,6.53253698,17.16876602,1.55013297,96.42413305,0.6700565835754958,1
AL120-0482,3341.89799149,13.07766249,1.99027365,0.02925195,24.62416543,1.1257346565180117,1
AL120-0483,4780.45549244,14.88042843,11.0896888,36.06217466,94.95402295,1.1008448227128962,1
AL120-0484,4872.02650635,80.58427947,39.21965447,28.51454832,99.22438962,1.122173684047421,1
AL120-0485,4983.21880121,6.72739689,38.32481806,38.48761428,19.24145436,0.8345118205842758,1
AL120-0486,1721.19971458,69.13701082,3.8461842,39.68646042,93.10619822,1.2332028191072355,1
AL120-0487,4835.18089633,13.44011421,39.73089846,4.19377279,8.83885017,1.138934658197554,1
AL120-0488,4789.39152742,6.50742176,7.16165447,38.54281481,18.63327147,0.7216354764993171,1
AL120-0489,4949.39688314,96.57679193,4.81161056,32.59573441,96.00267811,1.1637076305220437,1
AL120-0490,1568.81055422,23.12457156,26.35276245,39.42106236,2.34398115,1.374749970584827,1
AL120-0491,1101.49918497,37.05944223,34.16872423,36.33143451,98.50121588,1.1224171056708585,1
AL120-0492,642.9478894,23.71716223,1.8649338,37.54362989,14.34752,0.8421103209687039,1
AL120-0493,4919.41488674,40.38048428,7.00846386,8.5607684,3.59601602,1.055772874340473,1
AL120-0494,2193.33940791,48.46332897,39.67504193,31.45065811,95.18067148,1.3209225203497637,1
AL120-0495,3732.85798449,28.49501461,12.70720041,0.05683683,3.43552241,1.2628620838738052,1
AL120-0496,4852.89329104,98.47441216,4.41689559,0.34641001,88.02056313,1.0684956561500176,1
AL120-0497,4772.15200197,89.28455153,38.7225739,17.27555096,6.95635658,1.347117601844786,1
AL120-0498,3332.36332098,38.83305774,36.66159044,36.00385502,98.15152092,1.5403410089647271,1
AL120-0499,2264.79436131,30.53097279,36.05863142,0.37343301,11.46165179,1.2102337465042063,1
AL120-0500,3538.66678942,28.8983534,4.68574793,35.01323659,95.59722943,1.1219512195122376,1
AL120-0501,1313.12683411,56.49082843,38.27773507,39.7211843,92.23077353,1.1351154846594569,1
AL120-0502,4993.52810625,82.5212764,31.32902819,0.20762857,84.94539894,1.130272152715121,1
AL120-0503,4967.81324456,49.27637202,39.36949761,27.98726495,2.43873857,1.372865423781973,1
AL120-0504,544.99037238,77.58278065,13.79532985,36.15425546,6.37227288,1.181125676645099,1
AL120-0505,2897.38524379,67.74612582,33.87936929,38.76072649,3.82981347,1.2490912978405433,1
AL120-0506,1449.13016586,67.42699505,33.42603487,2.26124577,0.24289098,1.274432809773172,1
AL120-0507,554.06229058,19.36618369,5.97323703,37.70457443,89.16058391,0.7619251966847282,1
AL120-0508,4836.18093701,61.92442159,6.2117827,38.12624227,95.13844457,1.0741603334150935,1
AL120-0509,4652.87829097,27.63709681,35.68685348,0.69862887,88.57607227,1.445204914653308,1
AL120-0510,3719.44937436,78.30495399,38.09423047,2.09505215,99.46019575,1.1187422782307455,1
AL120-0511,3245.65258715,68.37873499,3.64792592,1.04461748,1.25160692,1.318091227014678,1
AL120-0512,4982.3369747,77.83435602,34.44687738,1.17943864,42.10461974,1.1930158946258238,1
AL120-0513,1763.01674452,45.8224967,38.59141409,38.21420223,1.40429046,1.3556046259215766,1
AL120-0514,3116.21369375,52.64483295,8.44043277,0.47981579,98.38111224,1.1570226109919566,1
AL120-0515,1164.64798665,7.25447365,1.53699639,37.27612756,17.68011712,0.3889567012139787,1
AL120-0516,4868.30582982,69.72644981,3.50158859,2.46872239,20.97868407,1.190912079963129,1
AL120-0517,4991.80677347,35.33828313,3.54656956,28.88898842,76.95489572,1.3538818076476884,1
AL120-0518,712.92927489,17.6864895,35.6303685,0.01189515,28.25043928,0.8859309265237895,1
AL120-0519,4158.08031429,88.28722859,2.68498814,4.92958564,94.84662516,1.0225800805181555,1
AL120-0520,4925.83338358,9.387145,15.17867218,39.83751353,96.4935407,0.9399839098953781,1
AL120-0521,4938.06921458,18.00171849,1.55141534,4.52252228,1.00011546,1.1127277195784648,1
AL120-0522,778.3497693,5.42335932,2.25718447,26.82526257,88.31588374,0.1502990802478457,1
AL120-0523,2388.55347596,14.70189758,1.75728881,38.66877083,95.59991695,1.0774953121638233,1
AL120-0524,3092.44473698,84.62796608,29.78867903,39.07766096,99.84475989,1.198715912099504,1
AL120-0525,4904.86357175,77.42099993,6.49303624,39.69909113,95.95432328,1.3130548791909096,1
AL120-0526,2720.97450029,98.25610965,6.71245051,37.45594557,85.79286356,1.3712542054612835,1
AL120-0527,710.87884344,99.38378961,38.32441579,7.72141986,79.20236997,1.2965894799142315,1
AL120-0528,4816.28589891,53.27897426,12.64601096,0.34915872,83.74274801,1.2701840846499974,1
AL120-0529,579.69045825,85.44886116,9.87598172,10.57015978,93.51865668,1.1898948751642118,1
AL120-0530,4840.4359431,55.6918785,33.03633869,39.6508573,6.90287631,1.2422113999587971,1
AL120-0531,697.77509151,9.77531154,38.3544373,1.95984818,92.98763033,0.5448970995306086,1
AL120-0532,1795.78086222,29.63491322,7.40039967,34.85075004,96.51372498,1.1155241550506438,1
AL120-0533,914.7039298,89.21902426,31.91492567,5.98362017,6.95101991,1.1289616078330758,1
AL120-0534,4684.01185609,69.3552329,26.26702944,36.26978308,3.25120706,1.2710696238068013,1
AL120-0535,724.37457507,5.80193395,1.74602335,4.03467175,95.350374,0.31734765013174226,1
AL120-0536,4887.56398996,78.66642327,37.58151438,8.3661842,4.11209306,1.451669013501256,1
AL120-0537,4210.23090649,7.47124172,2.04601663,35.62353089,2.65730312,0.7813119942937684,1
AL120-0538,601.3344056,98.74817695,1.92954351,35.47093231,27.06231065,1.2656436179816333,1
AL120-0539,614.90311008,15.7900767,39.11244011,18.21180549,7.89278913,0.8306554813024629,1
AL120-0540,4476.60066886,27.86743589,2.78160482,0.4350666,20.53803615,1.11156212342238,1
AL120-0541,2906.30663559,60.02928204,1.67909587,32.63897993,14.87086322,1.2071910731506177,1
AL120-0542,4106.22659652,6.32001362,3.44091095,0.415603,98.06735814,0.6603741592720536,1
AL120-0543,4969.07534963,10.0025077,28.77851456,0.44152647,8.20970517,1.146501815327293,1
AL120-0544,612.32936289,8.15736671,2.49001753,28.19620006,2.18216265,0.3079626424410804,1
AL120-0545,632.43561657,91.61383045,37.25771489,0.0829827,99.25862998,1.213964119969569,1
AL120-0546,4246.38444791,99.07511888,34.24902865,35.1348149,5.6760815,1.2527967404124998,1
AL120-0547,2470.80066614,66.57540326,2.48642488,3.01198002,95.24437804,1.4333265180945138,1
AL120-0548,4963.6843442,30.40395892,22.94276658,2.15323266,99.07609913,1.2753661971830497,1
AL120-0549,733.49196091,92.1886891,38.08957339,39.78521217,0.36182972,1.1509818086294519,1
AL120-0550,3283.38264721,62.15909333,36.9289387,0.03509149,92.47299992,1.272351083523951,1
AL120-0551,4679.04809304,88.52529726,39.99737868,3.17963138,89.82014265,1.241701796025411,1
AL120-0552,4782.99123608,34.80195466,2.92182276,39.12229642,87.33277265,1.4188498903164608,1
AL120-0553,709.05872993,84.09832495,35.90486077,5.22496458,98.82404264,1.0724185406150017,1
AL120-0554,930.18266466,85.99011021,9.30201752,36.87701724,99.02445097,1.1690410870476908,1
AL120-0555,2179.22128225,38.70786576,5.05584344,1.03573699,13.62107228,1.3747969331207246,1
AL120-0556,2073.86995852,19.98337041,2.78060308,1.32447809,92.98574897,1.0944515564992454,1
AL120-0557,3877.8924481,16.1358719,3.04412469,1.77141823,92.49838619,0.9762121661320812,1
AL120-0558,4232.7325698,99.93919069,22.18727175,36.95129234,95.78177882,1.1025325703153115,1
AL120-0559,619.52224281,12.53438496,37.70973766,32.50943329,10.42802585,0.7197583609879897,1
AL120-0560,2665.82660237,49.2893913,7.36873223,39.69192695,10.56360779,1.1804007408655104,1
AL120-0561,2433.30788938,76.06273864,39.48493811,3.67300194,1.13504855,1.2103591160221454,1
AL120-0562,4948.37776525,71.94310233,3.65713139,21.4652095,0.72328104,1.2539084677698058,1
AL120-0563,4990.94296806,97.92377682,33.93385677,1.71478357,78.69509859,1.226065969428848,1
AL120-0564,547.63835808,38.06445574,37.62032415,36.64773833,84.77620771,1.354300285913041,1
AL120-0565,862.58638324,99.98873236,2.89894425,28.87714557,12.75405977,1.0204366812227461,1
AL120-0566,2319.51007154,73.23731052,36.95206229,38.94933227,96.44861724,1.3109084328627798,1
AL120-0567,4091.74000239,47.12697514,2.92923375,31.86716203,99.22522027,1.3567115652578314,1
AL120-0568,4895.06520238,76.82679476,13.62880675,0.17908778,93.22653944,1.0900609528548741,1
AL120-0569,3247.18837813,69.38551236,39.71373197,1.99057877,7.17434892,1.3749117439398026,1
AL120-0570,4658.3122327,45.82985911,6.0064991,5.98731719,1.67253111,1.3029514534235866,1
AL120-0571,4685.95962599,10.32284705,35.55926883,2.33587541,98.12328648,0.9069838487541908,1
AL120-0572,2139.39359644,62.42255354,3.78994616,37.93308876,14.3999151,1.2443907980687778,1
AL120-0573,1023.19035772,43.05320301,36.93532894,36.8640827,0.18154439,1.2399448158760953,1
AL120-0574,539.12567627,65.16970815,32.02147082,28.99962395,1.96206439,1.075808728745974,1
AL120-0575,911.86765721,27.20662466,3.51182521,1.42102454,85.16385425,1.0976732533742941,1
AL120-0576,4968.86660252,42.61575686,8.38132565,4.61905099,4.0855594,1.0647307189939956,1
AL120-0577,550.31553376,78.11079038,36.54748697,37.67455205,22.73438806,1.1663782776521139,1
AL120-0578,815.19234926,40.74629807,35.32325531,0.25470257,90.408892,1.2619073334053832,1
AL120-0579,4021.34548966,42.80148201,38.95307618,7.81870477,4.02245922,1.0989532449406416,1
AL120-0580,4887.61545066,5.12717003,4.43071184,10.94609559,86.1689575,0.5539278433603775,1
AL120-0581,4973.91674109,64.52738532,4.28471837,13.29861332,87.71068119,1.3214301349871802,1
AL120-0582,4796.56877927,18.82677812,3.26962755,2.60045823,93.893201,1.2849125545425026,1
AL120-0583,524.67853995,51.43771965,17.67502502,4.93197307,95.9739293,1.045298661020527,1
AL120-0584,642.79185189,76.11980411,4.45547232,5.77795677,86.79240486,1.0263828291997694,1
AL120-0585,2729.31691213,99.01911724,37.04375893,37.85223771,56.58376971,1.192991008201265,1
AL120-0586,958.7866175,62.68655655,10.2323751,38.12699761,2.70813117,1.31591395427418,1
AL120-0587,507.53924111,25.14324629,38.85566921,0.13259832,3.62087796,0.9278170412134076,1
AL120-0588,2006.33349875,78.13090541,2.50145722,3.00415881,87.72805687,1.0717627274117514,1
AL120-0589,4941.96042093,97.89059412,3.37618388,18.49913966,9.59174326,1.1378672293459287,1
AL120-0590,646.06554667,42.11632927,8.08825812,39.17263623,99.73834343,1.2146792805905442,1
AL120-0591,4713.38331467,18.14433441,35.296051,31.30201448,94.80514517,1.0813673682638785,1
AL120-0592,4898.50495942,96.77144569,34.81983713,8.35917946,4.82160011,1.0365507452094076,1
AL120-0593,598.46461378,21.07570531,38.26526919,36.48767021,2.02988554,1.0248542810253696,1
AL120-0594,4725.39175302,85.92784397,39.71084751,31.55368969,5.64788589,1.0527349880834334,1
AL120-0595,2240.00026006,18.03197512,39.50718119,2.18822509,95.68432998,1.4004175688214742,1
AL120-0596,986.41155567,90.743872,6.82812056,3.03898156,1.73170473,1.096368584029318,1
AL120-0597,2004.51890053,23.50689066,36.64958986,37.34299041,2.82265376,1.3418574381747694,1
AL120-0598,4112.55260324,21.96281486,38.66055546,37.84306493,77.50894278,1.09606003752341,1
AL120-0599,3811.36636389,66.85263054,2.416393,2.2926854,97.80615028,1.0949985942332738,1
AL120-0600,3709.52909859,78.56330526,2.94754523,36.800755,96.6301552,1.229635866133492,1
